"Id","IsDeleted","MasterRecordId","CaseNumber","ContactId","AccountId","AssetId","SourceId","ParentId","SuppliedName","SuppliedEmail","SuppliedPhone","SuppliedCompany","Type","Status","Reason","Origin","Subject","Priority","Description","IsClosed","ClosedDate","IsEscalated","OwnerId","CreatedDate","CreatedById","LastModifiedDate","LastModifiedById","SystemModstamp","ContactPhone","ContactMobile","ContactEmail","ContactFax","Comments","LastViewedDate","LastReferencedDate","EngineeringReqNumber__c","SLAViolation__c","Product__c","PotentialLiability__c"
"500jV000007lPn8QAE","false","","00001001","003jV000005OEteQAG","001jV0000050DP4QAM","","","","","","","","Electrical","Closed","Performance","Phone","Performance inadequate for second consecutive week","High","","true","2025-07-14T18:59:51.000Z","false","005jV000000zICvQAM","2026-09-02T22:07:23.000Z","005jV000000zICvQAM","2026-09-02T22:07:23.000Z","005jV000000zICvQAM","2026-09-02T22:07:23.000Z","(212) 842-5500","(212) 842-2383","agreen@uog.com","(212) 842-5501","","","","767145","Yes","GC1060","Yes"
"500jV000007lPn9QAE","false","","00001000","003jV000005OEtNQAW","001jV0000050DOzQAM","","","","","","","","Electrical","Closed","Equipment Complexity","Phone","Starting generator after electrical failure","High","","true","2025-07-14T18:59:51.000Z","false","005jV000000zICvQAM","2026-09-02T22:07:23.000Z","005jV000000zICvQAM","2026-09-02T22:07:23.000Z","005jV000000zICvQAM","2026-09-02T22:07:23.000Z","(512) 757-6000","(512) 757-9340","rose@edge.com","(512) 757-9000","","","","765876","No","GC5040","No"
"500jV000007lPnAQAU","false","","00001002","003jV000005OEtUQAW","001jV0000050DP4QAM","","","","","","","","Electrical","New","Installation","Web","Seeking guidance on electrical wiring installation for GC5060","Low","","false","","false","005jV000000zICvQAM","2026-09-02T22:07:23.000Z","005jV000000zICvQAM","2026-09-02T22:07:23.000Z","005jV000000zICvQAM","2026-09-02T22:07:23.000Z","(212) 842-5500","(212) 842-5501","spavlova@uog.com","(212) 842-5501","","","","","No","GC3060","No"
"500jV000007lPnBQAU","false","","00001003","003jV000005OEtWQAW","001jV0000050DP5QAM","","","","","","","","Other","Closed","Installation","Web","Easy installation process","Low","","true","2025-07-14T18:59:51.000Z","false","005jV000000zICvQAM","2026-09-02T22:07:23.000Z","005jV000000zICvQAM","2026-09-02T22:07:23.000Z","005jV000000zICvQAM","2026-09-02T22:07:23.000Z","(503) 421-7800","(503) 421-5451","b.levy@expressl&t.net","(503) 421-7801","","","","","No","GC1020","No"
"500jV000007lPnCQAU","false","","00001004","003jV000005OEtWQAW","001jV0000050DP5QAM","","","","","","","","Other","Closed","Other","Phone","Maintenance guidelines for generator unclear","Medium","","true","2025-07-14T18:59:51.000Z","false","005jV000000zICvQAM","2026-09-02T22:07:23.000Z","005jV000000zICvQAM","2026-09-02T22:07:23.000Z","005jV000000zICvQAM","2026-09-02T22:07:23.000Z","(503) 421-7800","(503) 421-5451","b.levy@expressl&t.net","(503) 421-7801","","","","784532","No","GC5020","No"
"500jV000007lPnDQAU","false","","00001005","003jV000005OEtXQAW","001jV0000050DP5QAM","","","","","","","","Electrical","Closed","Performance","Phone","Electrical circuit malfunctioning","Medium","","true","2025-07-14T18:59:51.000Z","false","005jV000000zICvQAM","2026-09-02T22:07:23.000Z","005jV000000zICvQAM","2026-09-02T22:07:23.000Z","005jV000000zICvQAM","2026-09-02T22:07:23.000Z","(503) 421-7800","(503) 421-4387","j.davis@expressl&t.net","(503) 421-7801","","","","653780","No","GC1060","Yes"
"500jV000007lPnEQAU","false","","00001006","003jV000005OEtdQAG","001jV0000050DP9QAM","","","","","","","","Other","Closed","Feedback","Phone","Generator assembly instructions unclear","Low","","true","2025-07-14T18:59:51.000Z","false","005jV000000zICvQAM","2026-09-02T22:07:23.000Z","005jV000000zICvQAM","2026-09-02T22:07:23.000Z","005jV000000zICvQAM","2026-09-02T22:07:23.000Z","(650) 867-3450","(650) 867-7686","efrank@genepoint.com","(650) 867-9895","","","","253574","No","GC1020","No"
"500jV000007lPnFQAU","false","","00001007","003jV000005OEtSQAW","001jV0000050DP3QAM","","","","","","","","Structural","Closed","Breakdown","Phone","Structural breakdown of rotor assembly","Medium","","true","2025-07-14T18:59:51.000Z","false","005jV000000zICvQAM","2026-09-02T22:07:23.000Z","005jV000000zICvQAM","2026-09-02T22:07:23.000Z","005jV000000zICvQAM","2026-09-02T22:07:23.000Z","(312) 596-1000","(312) 596-1230","barr_tim@grandhotels.com","(312) 596-1500","","","","835735","No","GC1040","No"
"500jV000007lPnGQAU","false","","00001008","003jV000005OEtSQAW","001jV0000050DP3QAM","","","","","","","","Other","Closed","Feedback","Web","Customer service for portable generators needs beefing up","Low","","true","2025-07-14T18:59:51.000Z","false","005jV000000zICvQAM","2026-09-02T22:07:23.000Z","005jV000000zICvQAM","2026-09-02T22:07:23.000Z","005jV000000zICvQAM","2026-09-02T22:07:23.000Z","(312) 596-1000","(312) 596-1230","barr_tim@grandhotels.com","(312) 596-1500","","","","","No","GC1020","No"
"500jV000007lPnHQAU","false","","00001009","003jV000005OEtaQAG","001jV0000050DP7QAM","","","","","","","","Mechanical","Closed","Other","Phone","Mechanical maintenance guidelines for generator misleading","Medium","","true","2025-07-14T18:59:51.000Z","false","005jV000000zICvQAM","2026-09-02T22:07:23.000Z","005jV000000zICvQAM","2026-09-02T22:07:23.000Z","005jV000000zICvQAM","2026-09-02T22:07:23.000Z","+44 191 4956203","+44 191 3456234","ajames@uog.com","+44 191 4956620","","","","365782","No","GC3040","Yes"
"500jV000007lPnIQAU","false","","00001010","003jV000005OEtbQAG","001jV0000050DP8QAM","","","","","","","","Other","Closed","Feedback","Web","Maintenance guidelines for generator unclear","Low","","true","2025-07-14T18:59:51.000Z","false","005jV000000zICvQAM","2026-09-02T22:07:23.000Z","005jV000000zICvQAM","2026-09-02T22:07:23.000Z","005jV000000zICvQAM","2026-09-02T22:07:23.000Z","(650) 450-8810","(650) 345-7636","tripley@uog.com","(650) 450-8820","","","","658733","No","GC1060","No"
"500jV000007lPnJQAU","false","","00001011","003jV000005OEtcQAG","001jV0000050DP8QAM","","","","","","","","Electronic","Closed","Equipment Design","Web","Electronic panel fitting loose","Medium","","true","2025-07-14T18:59:51.000Z","false","005jV000000zICvQAM","2026-09-02T22:07:23.000Z","005jV000000zICvQAM","2026-09-02T22:07:23.000Z","005jV000000zICvQAM","2026-09-02T22:07:23.000Z","(650) 450-8810","(650) 345-6637","ldcruz@uog.com","(650) 450-8820","","","","965884","No","GC3020","No"
"500jV000007lPnKQAU","false","","00001012","003jV000005OEtYQAW","001jV0000050DP6QAM","","","","","","","","Electrical","Closed","Breakdown","Web","Repeated motor breakdown while shutting off","Medium","","true","2025-07-14T18:59:51.000Z","false","005jV000000zICvQAM","2026-09-02T22:07:23.000Z","005jV000000zICvQAM","2026-09-02T22:07:23.000Z","005jV000000zICvQAM","2026-09-02T22:07:23.000Z","(520) 773-9050","(520) 773-4539","jane_gray@uoa.edu","(520) 773-9060","","","","347209","Yes","GC1020","Yes"
"500jV000007lPnLQAU","false","","00001013","003jV000005OEtTQAW","001jV0000050DP3QAM","","","","","","","","Other","Closed","Equipment Design","Web","Starting up generator consumes excessive power","Medium","","true","2025-07-14T18:59:51.000Z","false","005jV000000zICvQAM","2026-09-02T22:07:23.000Z","005jV000000zICvQAM","2026-09-02T22:07:23.000Z","005jV000000zICvQAM","2026-09-02T22:07:23.000Z","(312) 596-1000","(312) 596-1563","bond_john@grandhotels.com","(312) 596-1500","","","","654623","No","GC5020","No"
"500jV000007lPnMQAU","false","","00001014","003jV000005OEtTQAW","001jV0000050DP3QAM","","","","","","","","Other","Closed","Installation","Phone","Delay in installation; spare parts unavailable","High","","true","2025-07-14T18:59:51.000Z","false","005jV000000zICvQAM","2026-09-02T22:07:23.000Z","005jV000000zICvQAM","2026-09-02T22:07:23.000Z","005jV000000zICvQAM","2026-09-02T22:07:23.000Z","(312) 596-1000","(312) 596-1563","bond_john@grandhotels.com","(312) 596-1500","","","","","No","GC3020","Yes"
"500jV000007lPnNQAU","false","","00001015","003jV000005OEtcQAG","001jV0000050DP8QAM","","","","","","","","Mechanical","Closed","Breakdown","Web","Frequent mechanical breakdown","Medium","","true","2025-07-14T18:59:51.000Z","false","005jV000000zICvQAM","2026-09-02T22:07:23.000Z","005jV000000zICvQAM","2026-09-02T22:07:23.000Z","005jV000000zICvQAM","2026-09-02T22:07:23.000Z","(650) 450-8810","(650) 345-6637","ldcruz@uog.com","(650) 450-8820","","","","354982","No","GC3060","Yes"
"500jV000007lPnOQAU","false","","00001016","003jV000005OEtdQAG","001jV0000050DP9QAM","","","","","","","","Other","New","Feedback","Web","Maintenance guidelines for generator unclear","Low","","false","","false","005jV000000zICvQAM","2026-09-02T22:07:23.000Z","005jV000000zICvQAM","2026-09-02T22:07:23.000Z","005jV000000zICvQAM","2026-09-02T22:07:23.000Z","(650) 867-3450","(650) 867-7686","efrank@genepoint.com","(650) 867-9895","","","","651375","No","GC5020","No"
"500jV000007lPnPQAU","false","","00001017","003jV000005OEtOQAW","001jV0000050DOzQAM","","","","","","","","Mechanical","Closed","Equipment Complexity","Web","Shutting down of generator","Medium","","true","2025-07-14T18:59:51.000Z","false","005jV000000zICvQAM","2026-09-02T22:07:23.000Z","005jV000000zICvQAM","2026-09-02T22:07:23.000Z","005jV000000zICvQAM","2026-09-02T22:07:23.000Z","(512) 757-6000","(512) 757-4561","sean@edge.com","(512) 757-9000","","","","736734","No","GC1040","No"
"500jV000007lPnQQAU","false","","00001018","003jV000005OEtOQAW","001jV0000050DOzQAM","","","","","","","","Electrical","Closed","Equipment Complexity","Phone","Cannot start generator after electrical failure","Medium","","true","2025-07-14T18:59:51.000Z","false","005jV000000zICvQAM","2026-09-02T22:07:23.000Z","005jV000000zICvQAM","2026-09-02T22:07:23.000Z","005jV000000zICvQAM","2026-09-02T22:07:23.000Z","(512) 757-6000","(512) 757-4561","sean@edge.com","(512) 757-9000","","","","526714","No","GC1040","No"
"500jV000007lPnRQAU","false","","00001019","003jV000005OEtPQAW","001jV0000050DP0QAM","","","","","","","","Structural","Closed","Equipment Design","Web","Structural failure of generator base","High","","true","2025-07-14T18:59:51.000Z","false","005jV000000zICvQAM","2026-09-02T22:07:23.000Z","005jV000000zICvQAM","2026-09-02T22:07:23.000Z","005jV000000zICvQAM","2026-09-02T22:07:23.000Z","(336) 222-7000","","jrogers@burlington.com","(336) 222-8000","","","","636265","No","GC5060","Yes"
"500jV000007lPnSQAU","false","","00001020","003jV000005OEtPQAW","001jV0000050DP0QAM","","","","","","","","Electrical","Closed","Performance","Phone","Power generation below stated level","Medium","","true","2025-07-14T18:59:51.000Z","false","005jV000000zICvQAM","2026-09-02T22:07:23.000Z","005jV000000zICvQAM","2026-09-02T22:07:23.000Z","005jV000000zICvQAM","2026-09-02T22:07:23.000Z","(336) 222-7000","","jrogers@burlington.com","(336) 222-8000","","","","237645","No","GC3060","Yes"
"500jV000007lPnTQAU","false","","00001021","003jV000005OEtUQAW","001jV0000050DP4QAM","","","","","","","","Structural","Closed","Installation","Phone","Generator GC3060 platform structure is weakening","High","","true","2025-07-14T18:59:51.000Z","false","005jV000000zICvQAM","2026-09-02T22:07:23.000Z","005jV000000zICvQAM","2026-09-02T22:07:23.000Z","005jV000000zICvQAM","2026-09-02T22:07:23.000Z","(212) 842-5500","(212) 842-5501","spavlova@uog.com","(212) 842-5501","","","","435143","","GC3060","Yes"
"500jV000007lPnUQAU","false","","00001022","003jV000005OEtUQAW","001jV0000050DP4QAM","","","","","","","","Electronic","Closed","Performance","Web","Signal panel on GC5060 blinks intermittently","Medium","","true","2025-07-14T18:59:51.000Z","false","005jV000000zICvQAM","2026-09-02T22:07:23.000Z","005jV000000zICvQAM","2026-09-02T22:07:23.000Z","005jV000000zICvQAM","2026-09-02T22:07:23.000Z","(212) 842-5500","(212) 842-5501","spavlova@uog.com","(212) 842-5501","","","","456345","No","GC5060","No"
"500jV000007lPnVQAU","false","","00001023","003jV000005OEtUQAW","001jV0000050DP4QAM","","","","","","","","Electrical","Closed","Other","Phone","Electric surge damaging adjacent equipment","High","","true","2025-07-14T18:59:51.000Z","false","005jV000000zICvQAM","2026-09-02T22:07:23.000Z","005jV000000zICvQAM","2026-09-02T22:07:23.000Z","005jV000000zICvQAM","2026-09-02T22:07:23.000Z","(212) 842-5500","(212) 842-5501","spavlova@uog.com","(212) 842-5501","","","","265794","No","GC5060","No"
"500jV000007lPnWQAU","false","","00001024","003jV000005OEtVQAW","001jV0000050DP4QAM","","","","","","","","Mechanical","New","Equipment Design","Web","Design issue with mechanical rotor","Low","","false","","false","005jV000000zICvQAM","2026-09-02T22:07:23.000Z","005jV000000zICvQAM","2026-09-02T22:07:23.000Z","005jV000000zICvQAM","2026-09-02T22:07:23.000Z","(212) 842-5500","(212) 842-5611","lboyle@uog.com","(212) 842-5501","","","","868314","No","GC3040","No"
"500jV000007lPnXQAU","false","","00001025","003jV000005OEtVQAW","001jV0000050DP4QAM","","","","","","","","Electrical","Closed","Equipment Design","Phone","Motor design hindering performance","Medium","","true","2025-07-14T18:59:51.000Z","false","005jV000000zICvQAM","2026-09-02T22:07:23.000Z","005jV000000zICvQAM","2026-09-02T22:07:23.000Z","005jV000000zICvQAM","2026-09-02T22:07:23.000Z","(212) 842-5500","(212) 842-5611","lboyle@uog.com","(212) 842-5501","","","","572546","No","GC5040","No"
