"Id","IsDeleted","MasterRecordId","AccountId","LastName","FirstName","Salutation","Name","OtherStreet","OtherCity","OtherState","OtherPostalCode","OtherCountry","OtherStateCode","OtherCountryCode","OtherLatitude","OtherLongitude","OtherGeocodeAccuracy","MailingStreet","MailingCity","MailingState","MailingPostalCode","MailingCountry","MailingStateCode","MailingCountryCode","MailingLatitude","MailingLongitude","MailingGeocodeAccuracy","Phone","Fax","MobilePhone","HomePhone","OtherPhone","AssistantPhone","ReportsToId","Email","Title","Department","AssistantName","LeadSource","Birthdate","Description","OwnerId","CreatedDate","CreatedById","LastModifiedDate","LastModifiedById","SystemModstamp","LastActivityDate","LastCURequestDate","LastCUUpdateDate","LastViewedDate","LastReferencedDate","EmailBouncedReason","EmailBouncedDate","IsEmailBounced","PhotoUrl","Jigsaw","JigsawContactId","CleanStatus","IndividualId","IsPriorityRecord","ContactSource","Level__c","Languages__c"
"003jV000005OEtNQAW","false","","001jV0000050DOzQAM","Gonzalez","Rose","Ms.","Rose Gonzalez","","","","","","","","","","","313 Constitution Place
Austin, TX 78767
USA","","","","","","","","","","(512) 757-6000","(512) 757-9000","(512) 757-9340","","","","","rose@edge.com","SVP, Procurement","Procurement","","Trade Show","1974-08-14","","005jV000000zICvQAM","2026-09-02T22:07:23.000Z","005jV000000zICvQAM","2026-09-02T22:07:23.000Z","005jV000000zICvQAM","2026-09-02T22:07:23.000Z","","","","","","","","false","/services/images/photo/003jV000005OEtNQAW","","","Pending","","false","","Primary","English"
"003jV000005OEtOQAW","false","","001jV0000050DOzQAM","Forbes","Sean","Mr.","Sean Forbes","","","","","","","","","","","312 Constitution Place
Austin, TX 78767
USA","","","","","","","","","","(512) 757-6000","(512) 757-9000","(512) 757-4561","","","","","sean@edge.com","CFO","Finance","","Trade Show","1953-05-12","","005jV000000zICvQAM","2026-09-02T22:07:23.000Z","005jV000000zICvQAM","2026-09-02T22:07:23.000Z","005jV000000zICvQAM","2026-09-02T22:07:23.000Z","","","","","","","","false","/services/images/photo/003jV000005OEtOQAW","","","Pending","","false","","Secondary","English"
"003jV000005OEtPQAW","false","","001jV0000050DP0QAM","Rogers","Jack","Mr.","Jack Rogers","","","","","","","","","","","525 S. Lexington Ave","Burlington","NC","27215","USA","NC","US","","","","(336) 222-7000","(336) 222-8000","","","","","","jrogers@burlington.com","VP, Facilities","","","Web","","","005jV000000zICvQAM","2026-09-02T22:07:23.000Z","005jV000000zICvQAM","2026-09-02T22:07:23.000Z","005jV000000zICvQAM","2026-09-02T22:07:23.000Z","","","","","","","","false","/services/images/photo/003jV000005OEtPQAW","","","Pending","","false","","",""
"003jV000005OEtQQAW","false","","001jV0000050DP1QAM","Stumuller","Pat","Ms.","Pat Stumuller","2 Place Jussieu","Paris","","75251","France","","FR","","","","2 Place Jussieu","Paris","","75251","France","","FR","","","","(014) 427-4427","(014) 427-4428","(014) 454-6364","","","(014) 427-4465","","pat@pyramid.net","SVP, Administration and Finance","Finance","Jean Marie","","","","005jV000000zICvQAM","2026-09-02T22:07:23.000Z","005jV000000zICvQAM","2026-09-02T22:07:23.000Z","005jV000000zICvQAM","2026-09-02T22:07:23.000Z","","","","","","","","false","/services/images/photo/003jV000005OEtQQAW","","","Pending","","false","","Primary","French, English"
"003jV000005OEtRQAW","false","","001jV0000050DP2QAM","Young","Andy","Mr","Andy Young","1301 Hoch Drive","Lawrence","KS","66045","USA","KS","US","","","","1301 Hoch Drive","Lawrence","KS","66045","USA","KS","US","","","","(785) 241-6200","","(785) 265-5350","","","","","a_young@dickenson.com","SVP, Operations","Internal Operations","","Purchased List","","","005jV000000zICvQAM","2026-09-02T22:07:23.000Z","005jV000000zICvQAM","2026-09-02T22:07:23.000Z","005jV000000zICvQAM","2026-09-02T22:07:23.000Z","","","","","","","","false","/services/images/photo/003jV000005OEtRQAW","","","Pending","","false","","Primary","English"
"003jV000005OEtSQAW","false","","001jV0000050DP3QAM","Barr","Tim","Mr.","Tim Barr","","","","","","","","","","","2335 N. Michigan Avenue, Suite 1500
Chicago, IL 60601, USA","","","","","","","","","","(312) 596-1000","(312) 596-1500","(312) 596-1230","","","","","barr_tim@grandhotels.com","SVP, Administration and Finance","Finance","","External Referral","1960-04-09","","005jV000000zICvQAM","2026-09-02T22:07:23.000Z","005jV000000zICvQAM","2026-09-02T22:07:23.000Z","005jV000000zICvQAM","2026-09-02T22:07:23.000Z","","","","","","","","false","/services/images/photo/003jV000005OEtSQAW","","","Pending","","false","","Secondary","English"
"003jV000005OEtTQAW","false","","001jV0000050DP3QAM","Bond","John","Mr.","John Bond","","","","","","","","","","","2334 N. Michigan Avenue, Suite 1500
Chicago, IL 60601, USA","","","","","","","","","","(312) 596-1000","(312) 596-1500","(312) 596-1563","","","","","bond_john@grandhotels.com","VP, Facilities","Facilities","","External Referral","1962-06-21","","005jV000000zICvQAM","2026-09-02T22:07:23.000Z","005jV000000zICvQAM","2026-09-02T22:07:23.000Z","005jV000000zICvQAM","2026-09-02T22:07:23.000Z","","","","","","","","false","/services/images/photo/003jV000005OEtTQAW","","","Pending","","false","","Primary","English"
"003jV000005OEtUQAW","false","","001jV0000050DP4QAM","Pavlova","Stella","Ms.","Stella Pavlova","","","","","","","","","","","1303 Avenue of the Americas 
New York, NY 10019
USA","","","","","","","","","","(212) 842-5500","(212) 842-5501","(212) 842-5501","","(212) 842-5543","(212) 842-5589","","spavlova@uog.com","SVP, Production","Production","Audrey Haynes","Public Relations","1949-12-05","","005jV000000zICvQAM","2026-09-02T22:07:23.000Z","005jV000000zICvQAM","2026-09-02T22:07:23.000Z","005jV000000zICvQAM","2026-09-02T22:07:23.000Z","","","","","","","","false","/services/images/photo/003jV000005OEtUQAW","","","Pending","","false","","Tertiary","English"
"003jV000005OEtVQAW","false","","001jV0000050DP4QAM","Boyle","Lauren","Ms.","Lauren Boyle","","","","","","","","","","","1304 Avenue of the Americas 
New York, NY 10019
USA","","","","","","","","","","(212) 842-5500","(212) 842-5501","(212) 842-5611","","","","","lboyle@uog.com","SVP, Technology","Technology","","Public Relations","1967-01-18","","005jV000000zICvQAM","2026-09-02T22:07:23.000Z","005jV000000zICvQAM","2026-09-02T22:07:23.000Z","005jV000000zICvQAM","2026-09-02T22:07:23.000Z","","","","","","","","false","/services/images/photo/003jV000005OEtVQAW","","","Pending","","false","","Secondary","English"
"003jV000005OEtWQAW","false","","001jV0000050DP5QAM","Levy","Babara","Ms.","Babara Levy","","","","","","","","","","","620 SW 5th Avenue Suite 400
Portland, Oregon 97204
United States","","","","","","","","","","(503) 421-7800","(503) 421-7801","(503) 421-5451","","","(503) 421-6782","","b.levy@expressl&t.net","SVP, Operations","Operations","Ron Sage","Word of mouth","1943-07-22","","005jV000000zICvQAM","2026-09-02T22:07:23.000Z","005jV000000zICvQAM","2026-09-02T22:07:23.000Z","005jV000000zICvQAM","2026-09-02T22:07:23.000Z","","","","","","","","false","/services/images/photo/003jV000005OEtWQAW","","","Pending","","false","","Primary","English"
"003jV000005OEtXQAW","false","","001jV0000050DP5QAM","Davis","Josh","Mr.","Josh Davis","","","","","","","","","","","621 SW 5th Avenue Suite 400
Portland, Oregon 97204
United States","","","","","","","","","","(503) 421-7800","(503) 421-7801","(503) 421-4387","","","","","j.davis@expressl&t.net","Director, Warehouse Mgmt","Warehouse Mgmt","","Word of mouth","1954-11-15","","005jV000000zICvQAM","2026-09-02T22:07:23.000Z","005jV000000zICvQAM","2026-09-02T22:07:23.000Z","005jV000000zICvQAM","2026-09-02T22:07:23.000Z","","","","","","","","false","/services/images/photo/003jV000005OEtXQAW","","","Pending","","false","","Secondary","English"
"003jV000005OEtYQAW","false","","001jV0000050DP6QAM","Grey","Jane","Ms.","Jane Grey","","","","","","","","","","","888 N Euclid 
Hallis Center, Room 501
Tucson, AZ 85721
United States","","","","","","","","","","(520) 773-9050","(520) 773-9060","(520) 773-4539","","","","","jane_gray@uoa.edu","Dean of Administration","Administration","","Word of mouth","1950-10-02","","005jV000000zICvQAM","2026-09-02T22:07:23.000Z","005jV000000zICvQAM","2026-09-02T22:07:23.000Z","005jV000000zICvQAM","2026-09-02T22:07:23.000Z","","","","","","","","false","/services/images/photo/003jV000005OEtYQAW","","","Pending","","false","","Primary","English"
"003jV000005OEtZQAW","false","","001jV0000050DP4QAM","Song","Arthur","Mr.","Arthur Song","","","","","","","","","","","1301 Avenue of the Americas 
New York, NY 10019
USA","","","","","","","","","","(212) 842-5500","(212) 842-5501","(212) 842-4535","","","(212) 842-5464","","asong@uog.com","CEO","Executive Team","Pat Feinstein","Public Relations","1958-04-02","","005jV000000zICvQAM","2026-09-02T22:07:23.000Z","005jV000000zICvQAM","2026-09-02T22:07:23.000Z","005jV000000zICvQAM","2026-09-02T22:07:23.000Z","","","","","","","","false","/services/images/photo/003jV000005OEtZQAW","","","Pending","","false","","Secondary","English"
"003jV000005OEtaQAG","false","","001jV0000050DP7QAM","James","Ashley","Ms.","Ashley James","","","","","","","","","","","Kings Park, 17th Avenue, Team Valley Trading Estate,
Gateshead, Tyne and Wear NE26 3HS
United Kingdom","","","","","","","","","","+44 191 4956203","+44 191 4956620","+44 191 3456234","","","","","ajames@uog.com","VP, Finance","Finance","","Public Relations","1952-12-10","","005jV000000zICvQAM","2026-09-02T22:07:23.000Z","005jV000000zICvQAM","2026-09-02T22:07:23.000Z","005jV000000zICvQAM","2026-09-02T22:07:23.000Z","","","","","","","","false","/services/images/photo/003jV000005OEtaQAG","","","Pending","","false","","Primary","English"
"003jV000005OEtbQAG","false","","001jV0000050DP8QAM","Ripley","Tom","Mr.","Tom Ripley","","","","","","","","","","","9 Tagore Lane
Singapore, Singapore 787472
Singapore","","","","","","","","","","(650) 450-8810","(650) 450-8820","(650) 345-7636","","","","","tripley@uog.com","Regional General Manager","Executive Team","","Public Relations","1957-02-06","","005jV000000zICvQAM","2026-09-02T22:07:23.000Z","005jV000000zICvQAM","2026-09-02T22:07:23.000Z","005jV000000zICvQAM","2026-09-02T22:07:23.000Z","","","","","","","","false","/services/images/photo/003jV000005OEtbQAG","","","Pending","","false","","Primary","English"
"003jV000005OEtcQAG","false","","001jV0000050DP8QAM","D'Cruz","Liz","Ms.","Liz D'Cruz","","","","","","","","","","","10 Tagore Lane
Singapore, Singapore 787472
Singapore","","","","","","","","","","(650) 450-8810","(650) 450-8820","(650) 345-6637","","","","","ldcruz@uog.com","VP, Production","Production","","Public Relations","1968-05-19","","005jV000000zICvQAM","2026-09-02T22:07:23.000Z","005jV000000zICvQAM","2026-09-02T22:07:23.000Z","005jV000000zICvQAM","2026-09-02T22:07:23.000Z","","","","","","","","false","/services/images/photo/003jV000005OEtcQAG","","","Pending","","false","","Secondary","English"
"003jV000005OEtdQAG","false","","001jV0000050DP9QAM","Frank","Edna","Ms.","Edna Frank","","","","","","","","","","","345 Shoreline Park
Mountain View, CA 94043
USA","","","","","","","","","","(650) 867-3450","(650) 867-9895","(650) 867-7686","","","","","efrank@genepoint.com","VP, Technology","Technology","","Partner","1948-10-24","","005jV000000zICvQAM","2026-09-02T22:07:23.000Z","005jV000000zICvQAM","2026-09-02T22:07:23.000Z","005jV000000zICvQAM","2026-09-02T22:07:23.000Z","","","","","","","","false","/services/images/photo/003jV000005OEtdQAG","","","Pending","","false","","Primary","English"
"003jV000005OEteQAG","false","","001jV0000050DP4QAM","Green","Avi","Mr.","Avi Green","","","","","","","","","","","1302 Avenue of the Americas 
New York, NY 10019
USA","","","","","","","","","","(212) 842-5500","(212) 842-5501","(212) 842-2383","","","(212) 842-5428","","agreen@uog.com","CFO","Finance","Chris Nobel","Public Relations","1940-03-13","","005jV000000zICvQAM","2026-09-02T22:07:23.000Z","005jV000000zICvQAM","2026-09-02T22:07:23.000Z","005jV000000zICvQAM","2026-09-02T22:07:23.000Z","","","","","","","","false","/services/images/photo/003jV000005OEteQAG","","","Pending","","false","","Primary","English"
"003jV000005OEtfQAG","false","","001jV0000050DPAQA2","Nedaerk","Siddartha","Ms.","Siddartha Nedaerk","","","","","","","","","","","The Landmark @ One Market","San Francisco","CA","94087","US","CA","US","","","","","","","","","","","","","","","","","","005jV000000zICvQAM","2026-09-02T22:07:23.000Z","005jV000000zICvQAM","2026-09-02T22:07:23.000Z","005jV000000zICvQAM","2026-09-02T22:07:23.000Z","","","","","","","","false","/services/images/photo/003jV000005OEtfQAG","","","Pending","","false","","",""
"003jV000005OEtgQAG","false","","001jV0000050DPAQA2","Llorrac","Jake","Mr.","Jake Llorrac","","","","","","","","","","","","","","","","","","","","","","","","","","","","","","","","","","","005jV000000zICvQAM","2026-09-02T22:07:23.000Z","005jV000000zICvQAM","2026-09-02T22:07:23.000Z","005jV000000zICvQAM","2026-09-02T22:07:23.000Z","","","","","","","","false","/services/images/photo/003jV000005OEtgQAG","","","Pending","","false","","",""
"003jV000007sJHlQAM","false","","001jV000006wTUQQA2","Smith","John","","John Smith","","","","","","","","","","","","","","","","","","","","","","","","","","","","seetha.v@levarus.com","","","","","","","005jV000001PwZ0QAK","2026-09-08T12:42:17.000Z","005jV000001PwZ0QAK","2026-09-08T12:42:17.000Z","005jV000001PwZ0QAK","2026-09-08T12:42:17.000Z","","","","","","","","false","/services/images/photo/003jV000007sJHlQAM","","","Pending","","false","","",""
