"Id","OwnerId","IsDeleted","Name","CreatedDate","CreatedById","LastModifiedDate","LastModifiedById","SystemModstamp","LastViewedDate","LastReferencedDate"
"a0PjV000000ILlxUAG","005jV000001PwZ0QAK","false","Asset","2026-09-16T06:38:54.000Z","005jV000001PwZ0QAK","2026-09-16T06:38:54.000Z","005jV000001PwZ0QAK","2026-09-16T06:38:54.000Z","2026-09-16T06:38:54.000Z","2026-09-16T06:38:54.000Z"
"a0PjV000000ILlyUAG","005jV000001PwZ0QAK","false","Current assets","2026-09-16T06:38:54.000Z","005jV000001PwZ0QAK","2026-09-16T06:38:54.000Z","005jV000001PwZ0QAK","2026-09-16T06:38:54.000Z","2026-09-16T06:38:54.000Z","2026-09-16T06:38:54.000Z"
"a0PjV000000ILlzUAG","005jV000001PwZ0QAK","false","Cash and bank books","2026-09-16T06:38:54.000Z","005jV000001PwZ0QAK","2026-09-16T06:38:54.000Z","005jV000001PwZ0QAK","2026-09-16T06:38:54.000Z","2026-09-16T06:38:54.000Z","2026-09-16T06:38:54.000Z"
"a0PjV000000ILm0UAG","005jV000001PwZ0QAK","false","Cash on hand","2026-09-16T06:38:54.000Z","005jV000001PwZ0QAK","2026-09-16T06:38:54.000Z","005jV000001PwZ0QAK","2026-09-16T06:38:54.000Z","2026-09-16T06:38:54.000Z","2026-09-16T06:38:54.000Z"
"a0PjV000000ILm1UAG","005jV000001PwZ0QAK","false","Operating bank book","2026-09-16T06:38:54.000Z","005jV000001PwZ0QAK","2026-09-16T06:38:54.000Z","005jV000001PwZ0QAK","2026-09-16T06:38:54.000Z","2026-09-16T06:38:54.000Z","2026-09-16T06:38:54.000Z"
"a0PjV000000ILm2UAG","005jV000001PwZ0QAK","false","Receivables","2026-09-16T06:38:54.000Z","005jV000001PwZ0QAK","2026-09-16T06:38:54.000Z","005jV000001PwZ0QAK","2026-09-16T06:38:54.000Z","2026-09-16T06:38:54.000Z","2026-09-16T06:38:54.000Z"
"a0PjV000000ILm3UAG","005jV000001PwZ0QAK","false","Trade receivable","2026-09-16T06:38:54.000Z","005jV000001PwZ0QAK","2026-09-16T06:38:54.000Z","005jV000001PwZ0QAK","2026-09-16T06:38:54.000Z","2026-09-16T06:38:54.000Z","2026-09-16T06:38:54.000Z"
"a0PjV000000ILm4UAG","005jV000001PwZ0QAK","false","Stock on hand","2026-09-16T06:38:54.000Z","005jV000001PwZ0QAK","2026-09-16T06:38:54.000Z","005jV000001PwZ0QAK","2026-09-16T06:38:54.000Z","2026-09-16T06:38:54.000Z","2026-09-16T06:38:54.000Z"
"a0PjV000000ILm5UAG","005jV000001PwZ0QAK","false","Finished goods","2026-09-16T06:38:54.000Z","005jV000001PwZ0QAK","2026-09-16T06:38:54.000Z","005jV000001PwZ0QAK","2026-09-16T06:38:54.000Z","2026-09-16T06:38:54.000Z","2026-09-16T06:38:54.000Z"
"a0PjV000000ILm6UAG","005jV000001PwZ0QAK","false","Liability","2026-09-16T06:38:54.000Z","005jV000001PwZ0QAK","2026-09-16T06:38:54.000Z","005jV000001PwZ0QAK","2026-09-16T06:38:54.000Z","2026-09-16T06:38:54.000Z","2026-09-16T06:38:54.000Z"
"a0PjV000000ILm7UAG","005jV000001PwZ0QAK","false","Trade payable","2026-09-16T06:38:54.000Z","005jV000001PwZ0QAK","2026-09-16T06:38:54.000Z","005jV000001PwZ0QAK","2026-09-16T06:38:54.000Z","2026-09-16T06:38:54.000Z","2026-09-16T06:38:54.000Z"
"a0PjV000000ILm8UAG","005jV000001PwZ0QAK","false","GST payable","2026-09-16T06:38:54.000Z","005jV000001PwZ0QAK","2026-09-16T06:38:54.000Z","005jV000001PwZ0QAK","2026-09-16T06:38:54.000Z","2026-09-16T06:38:54.000Z","2026-09-16T06:38:54.000Z"
"a0PjV000000ILm9UAG","005jV000001PwZ0QAK","false","Equity","2026-09-16T06:38:54.000Z","005jV000001PwZ0QAK","2026-09-16T06:38:54.000Z","005jV000001PwZ0QAK","2026-09-16T06:38:54.000Z","2026-09-16T06:38:54.000Z","2026-09-16T06:38:54.000Z"
"a0PjV000000ILmAUAW","005jV000001PwZ0QAK","false","Owner capital","2026-09-16T06:38:54.000Z","005jV000001PwZ0QAK","2026-09-16T06:38:54.000Z","005jV000001PwZ0QAK","2026-09-16T06:38:54.000Z","2026-09-16T06:38:54.000Z","2026-09-16T06:38:54.000Z"
"a0PjV000000ILmBUAW","005jV000001PwZ0QAK","false","Income","2026-09-16T06:38:54.000Z","005jV000001PwZ0QAK","2026-09-16T06:38:54.000Z","005jV000001PwZ0QAK","2026-09-16T06:38:54.000Z","2026-09-16T06:38:54.000Z","2026-09-16T06:38:54.000Z"
"a0PjV000000ILmCUAW","005jV000001PwZ0QAK","false","Outward sales","2026-09-16T06:38:54.000Z","005jV000001PwZ0QAK","2026-09-16T06:38:54.000Z","005jV000001PwZ0QAK","2026-09-16T06:38:54.000Z","2026-09-16T06:38:54.000Z","2026-09-16T06:38:54.000Z"
"a0PjV000000ILmDUAW","005jV000001PwZ0QAK","false","Cost of goods","2026-09-16T06:38:54.000Z","005jV000001PwZ0QAK","2026-09-16T06:38:54.000Z","005jV000001PwZ0QAK","2026-09-16T06:38:54.000Z","2026-09-16T06:38:54.000Z","2026-09-16T06:38:54.000Z"
"a0PjV000000ILmEUAW","005jV000001PwZ0QAK","false","Cost of goods sold","2026-09-16T06:38:54.000Z","005jV000001PwZ0QAK","2026-09-16T06:38:54.000Z","005jV000001PwZ0QAK","2026-09-16T06:38:54.000Z","2026-09-16T06:38:54.000Z","2026-09-16T06:38:54.000Z"
"a0PjV000000ILmFUAW","005jV000001PwZ0QAK","false","Spend","2026-09-16T06:38:54.000Z","005jV000001PwZ0QAK","2026-09-16T06:38:54.000Z","005jV000001PwZ0QAK","2026-09-16T06:38:54.000Z","2026-09-16T06:38:54.000Z","2026-09-16T06:38:54.000Z"
"a0PjV000000ILmGUAW","005jV000001PwZ0QAK","false","People cost","2026-09-16T06:38:54.000Z","005jV000001PwZ0QAK","2026-09-16T06:38:54.000Z","005jV000001PwZ0QAK","2026-09-16T06:38:54.000Z","2026-09-16T06:38:54.000Z","2026-09-16T06:38:54.000Z"
"a0PjV000000ILmHUAW","005jV000001PwZ0QAK","false","Rent and occupancy","2026-09-16T06:38:54.000Z","005jV000001PwZ0QAK","2026-09-16T06:38:54.000Z","005jV000001PwZ0QAK","2026-09-16T06:38:54.000Z","2026-09-16T06:38:54.000Z","2026-09-16T06:38:54.000Z"
"a0PjV000000ILmIUAW","005jV000001PwZ0QAK","false","Utilities","2026-09-16T06:38:54.000Z","005jV000001PwZ0QAK","2026-09-16T06:38:54.000Z","005jV000001PwZ0QAK","2026-09-16T06:38:54.000Z","2026-09-16T06:38:54.000Z","2026-09-16T06:38:54.000Z"
