"Id","IsDeleted","MasterRecordId","LastName","FirstName","Salutation","Name","Title","Company","Street","City","State","PostalCode","Country","StateCode","CountryCode","Latitude","Longitude","GeocodeAccuracy","Phone","MobilePhone","Fax","Email","Website","PhotoUrl","Description","LeadSource","Status","Industry","Rating","AnnualRevenue","NumberOfEmployees","OwnerId","IsConverted","ConvertedDate","ConvertedAccountId","ConvertedContactId","ConvertedOpportunityId","IsUnreadByOwner","CreatedDate","CreatedById","LastModifiedDate","LastModifiedById","SystemModstamp","LastActivityDate","LastViewedDate","LastReferencedDate","Jigsaw","JigsawContactId","CleanStatus","CompanyDunsNumber","DandbCompanyId","EmailBouncedReason","EmailBouncedDate","IndividualId","IsPriorityRecord","SICCode__c","ProductInterest__c","Primary__c","CurrentGenerators__c","NumberofLocations__c"
"00QjV000001Mo5dUAC","false","","Boxer","Bertha","Ms.","Bertha Boxer","Director of Vendor Relations","Farmers Coop. of Florida","321 Westcott Building","Tallahassee","FL","32306","USA","FL","US","","","","(850) 644-4200","","(850) 644-4300","bertha@fcof.net","","/services/images/photo/00QjV000001Mo5dUAC","","Web","Working - Contacted","Agriculture","Hot","9.0075E8","","005jV000000zICvQAM","false","","","","","true","2026-09-02T22:07:23.000Z","005jV000000zICvQAM","2026-09-02T22:07:23.000Z","005jV000000zICvQAM","2026-09-02T22:11:07.000Z","","","","","","Pending","","","","","","false","2768","GC5000 series","Yes","All","130.0"
"00QjV000001Mo5eUAC","false","","Cotton","Phyllis","Ms","Phyllis Cotton","CFO","Abbott Insurance","","","VA","","USA","VA","US","","","","(703) 757-1000","","","pcotton@abbottins.net","","/services/images/photo/00QjV000001Mo5eUAC","","Web","Open - Not Contacted","","","","","005jV000000zICvQAM","false","","","","","true","2026-09-02T22:07:23.000Z","005jV000000zICvQAM","2026-09-02T22:07:23.000Z","005jV000000zICvQAM","2026-09-02T22:11:07.000Z","","","","","","Pending","","","","","","false","2768","GC5000 series","Yes","All","130.0"
"00QjV000001Mo5fUAC","false","","Glimpse","Jeff","Mr","Jeff Glimpse","SVP, Procurement","Jackson Controls","","","","","Taiwan","","TW","","","","886-2-25474189","","","jeffg@jackson.com","","/services/images/photo/00QjV000001Mo5fUAC","","Phone Inquiry","Open - Not Contacted","","","","","005jV000000zICvQAM","false","","","","","true","2026-09-02T22:07:23.000Z","005jV000000zICvQAM","2026-09-02T22:07:23.000Z","005jV000000zICvQAM","2026-09-02T22:11:07.000Z","","","","","","Pending","","","","","","false","2768","GC5000 series","Yes","All","130.0"
"00QjV000001Mo5gUAC","false","","Braund","Mike","Mr","Mike Braund","VP, Technology","Metropolitan Health Services","","","MD","","USA","MD","US","","","","(410) 381-2334","","","likeb@metro.com","","/services/images/photo/00QjV000001Mo5gUAC","","Purchased List","Open - Not Contacted","","","","","005jV000000zICvQAM","false","","","","","true","2026-09-02T22:07:23.000Z","005jV000000zICvQAM","2026-09-02T22:07:23.000Z","005jV000000zICvQAM","2026-09-02T22:11:07.000Z","","","","","","Pending","","","","","","false","2768","GC5000 series","Yes","All","130.0"
"00QjV000001Mo5hUAC","false","","Feager","Patricia","Ms","Patricia Feager","CEO","International Shipping Co.","","","NC","","USA","NC","US","","","","(336) 777-1970","","","patricia_feager@is.com","","/services/images/photo/00QjV000001Mo5hUAC","","Partner Referral","Working - Contacted","","","","","005jV000000zICvQAM","false","","","","","true","2026-09-02T22:07:23.000Z","005jV000000zICvQAM","2026-09-02T22:07:23.000Z","005jV000000zICvQAM","2026-09-02T22:11:07.000Z","","","","","","Pending","","","","","","false","2768","GC5000 series","Yes","All","130.0"
"00QjV000001Mo5iUAC","false","","Mcclure","Brenda","Ms","Brenda Mcclure","CFO","Cadinal Inc.","","","IL","","USA","IL","US","","","","(847) 262-5000","","","brenda@cardinal.net","","/services/images/photo/00QjV000001Mo5iUAC","","Web","Working - Contacted","","","","","005jV000000zICvQAM","false","","","","","true","2026-09-02T22:07:23.000Z","005jV000000zICvQAM","2026-09-02T22:07:23.000Z","005jV000000zICvQAM","2026-09-02T22:11:07.000Z","","","","","","Pending","","","","","","false","2768","GC5000 series","Yes","All","130.0"
"00QjV000001Mo5jUAC","false","","Maccleod","Violet","Ms","Violet Maccleod","VP, Finance","Emerson Transport","","","GA","","USA","GA","US","","","","(770) 395-2370","","","violetm@emersontransport.com","","/services/images/photo/00QjV000001Mo5jUAC","","Phone Inquiry","Working - Contacted","","","","","005jV000000zICvQAM","false","","","","","true","2026-09-02T22:07:23.000Z","005jV000000zICvQAM","2026-09-02T22:07:23.000Z","005jV000000zICvQAM","2026-09-02T22:11:07.000Z","","","","","","Pending","","","","","","false","2768","GC5000 series","Yes","All","130.0"
"00QjV000001Mo5kUAC","false","","Snyder","Kathy","Ms","Kathy Snyder","Regional General Manager","TNR Corp.","","","CT","","USA","CT","US","","","","(860) 273-0123","","","ksynder@tnr.net","","/services/images/photo/00QjV000001Mo5kUAC","","Purchased List","Working - Contacted","","","","","005jV000000zICvQAM","false","","","","","true","2026-09-02T22:07:23.000Z","005jV000000zICvQAM","2026-09-02T22:07:23.000Z","005jV000000zICvQAM","2026-09-02T22:11:07.000Z","","","","","","Pending","","","","","","false","2768","GC5000 series","Yes","All","130.0"
"00QjV000001Mo5lUAC","false","","James","Tom","Mr","Tom James","SVP, Production","Delphi Chemicals","","","MN","","USA","MN","US","","","","(952) 346-3500","","","tom.james@delphi.chemicals.com","","/services/images/photo/00QjV000001Mo5lUAC","","Web","Working - Contacted","","","","","005jV000000zICvQAM","false","","","","","true","2026-09-02T22:07:23.000Z","005jV000000zICvQAM","2026-09-02T22:07:23.000Z","005jV000000zICvQAM","2026-09-02T22:11:07.000Z","","","","","","Pending","","","","","","false","2768","GC5000 series","Yes","All","130.0"
"00QjV000001Mo5mUAC","false","","Brownell","Shelly","Ms","Shelly Brownell","SVP, Technology","Western Telecommunications Corp.","","","CA","","USA","CA","US","","","","(408) 326-9000","","","shellyb@westerntelecom.com","","/services/images/photo/00QjV000001Mo5mUAC","","Partner Referral","Working - Contacted","","","","","005jV000000zICvQAM","false","","","","","true","2026-09-02T22:07:23.000Z","005jV000000zICvQAM","2026-09-02T22:07:23.000Z","005jV000000zICvQAM","2026-09-02T22:11:07.000Z","","","","","","Pending","","","","","","false","2768","GC5000 series","Yes","All","130.0"
"00QjV000001Mo5nUAC","false","","Owenby","Pamela","Ms","Pamela Owenby","SVP, Technology","Hendrickson Trading","","","PA","","USA","PA","US","","","","(570) 326-1571","","","pam_owenby@hendricksontrading.com","","/services/images/photo/00QjV000001Mo5nUAC","","Partner Referral","Closed - Not Converted","","","","","005jV000000zICvQAM","false","","","","","true","2026-09-02T22:07:23.000Z","005jV000000zICvQAM","2026-09-02T22:07:23.000Z","005jV000000zICvQAM","2026-09-02T22:11:07.000Z","","","","","","Pending","","","","","","false","7267","GC5000 series","Yes","John Deere","3.0"
"00QjV000001Mo5oUAC","false","","May","Norm","Mr","Norm May","VP, Facilities","Greenwich Media","","","OH","","USA","OH","US","","","","(419) 289-3555","","","norm_may@greenwich.net","","/services/images/photo/00QjV000001Mo5oUAC","","Web","Working - Contacted","","","","","005jV000000zICvQAM","false","","","","","true","2026-09-02T22:07:23.000Z","005jV000000zICvQAM","2026-09-02T22:07:23.000Z","005jV000000zICvQAM","2026-09-02T22:11:07.000Z","","","","","","Pending","","","","","","false","2768","GC5000 series","Yes","All","130.0"
"00QjV000001Mo5pUAC","false","","Stumuller","Pat","Ms","Pat Stumuller","SVP, Administration and Finance","Pyramid Construction Inc.","","","","","France","","FR","","","","33562156600","","","pat@pyramid.net","","/services/images/photo/00QjV000001Mo5pUAC","","Phone Inquiry","Closed - Converted","","","","","005jV000000zICvQAM","false","","","","","true","2026-09-02T22:07:23.000Z","005jV000000zICvQAM","2026-09-02T22:07:23.000Z","005jV000000zICvQAM","2026-09-02T22:11:07.000Z","","","","","","Pending","","","","","","false","2768","GC5000 series","Yes","All","130.0"
"00QjV000001Mo5qUAC","false","","Young","Andy","Mr","Andy Young","SVP, Operations","Dickenson plc","","","KS","","USA","KS","US","","","","(620) 241-6200","","","a_young@dickenson.com","","/services/images/photo/00QjV000001Mo5qUAC","","Purchased List","Closed - Converted","","","","","005jV000000zICvQAM","false","","","","","true","2026-09-02T22:07:23.000Z","005jV000000zICvQAM","2026-09-02T22:07:23.000Z","005jV000000zICvQAM","2026-09-02T22:11:07.000Z","","","","","","Pending","","","","","","false","2768","GC5000 series","Yes","All","130.0"
"00QjV000001Mo5rUAC","false","","Akin","Kristen","Ms","Kristen Akin","Director, Warehouse Mgmt","Aethna Home Products","","","VA","","USA","VA","US","","","","(434) 369-3100","","","kakin@athenahome.com","","/services/images/photo/00QjV000001Mo5rUAC","","Partner Referral","Working - Contacted","","","","","005jV000000zICvQAM","false","","","","","true","2026-09-02T22:07:23.000Z","005jV000000zICvQAM","2026-09-02T22:07:23.000Z","005jV000000zICvQAM","2026-09-02T22:11:07.000Z","","","","","","Pending","","","","","","false","2768","GC5000 series","Yes","All","130.0"
"00QjV000001Mo5sUAC","false","","Monaco","David","Mr","David Monaco","CFO","Blues Entertainment Corp.","","","","","Japan","","JP","","","","(033) 452-1299","","","david@blues.com","","/services/images/photo/00QjV000001Mo5sUAC","","Purchased List","Working - Contacted","","","","","005jV000000zICvQAM","false","","","","","true","2026-09-02T22:07:23.000Z","005jV000000zICvQAM","2026-09-02T22:07:23.000Z","005jV000000zICvQAM","2026-09-02T22:11:07.000Z","","","","","","Pending","","","","","","false","2768","GC5000 series","Yes","All","130.0"
"00QjV000001Mo5tUAC","false","","Crenshaw","Carolyn","Ms","Carolyn Crenshaw","VP, Technology","Ace Iron and Steel Inc.","","","AL","","USA","AL","US","","","","(251) 679-2200","","","carolync@aceis.com","","/services/images/photo/00QjV000001Mo5tUAC","","Phone Inquiry","Closed - Not Converted","","","","","005jV000000zICvQAM","false","","","","","true","2026-09-02T22:07:23.000Z","005jV000000zICvQAM","2026-09-02T22:07:23.000Z","005jV000000zICvQAM","2026-09-02T22:11:07.000Z","","","","","","Pending","","","","","","false","2768","GC5000 series","Yes","All","130.0"
"00QjV000001Mo5uUAC","false","","Dadio Jr","Bill","Mr","Bill Dadio Jr","CFO","Zenith Industrial Partners","","","OH","","USA","OH","US","","","","(614) 431-5000","","","bill_dadio@zenith.com","","/services/images/photo/00QjV000001Mo5uUAC","","Web","Closed - Not Converted","","","","","005jV000000zICvQAM","false","","","","","true","2026-09-02T22:07:23.000Z","005jV000000zICvQAM","2026-09-02T22:07:23.000Z","005jV000000zICvQAM","2026-09-02T22:11:07.000Z","","","","","","Pending","","","","","","false","7267","GC5000 series","Yes","John Deere","3.0"
"00QjV000001Mo5vUAC","false","","Rogers","Jack","Mr.","Jack Rogers","VP, Facilities","Burlington Textiles Corp of America","525 S. Lexington Ave","Burlington","NC","27215","USA","NC","US","","","","(336) 222-7000","","(336) 222-8000","jrogers@btca.com","","/services/images/photo/00QjV000001Mo5vUAC","","Web","Closed - Converted","Apparel","Warm","3.5E8","9000","005jV000000zICvQAM","false","","","","","true","2026-09-02T22:07:23.000Z","005jV000000zICvQAM","2026-09-02T22:07:23.000Z","005jV000000zICvQAM","2026-09-02T22:11:07.000Z","","","","","","Pending","","","","","","false","7267","GC5000 series","Yes","John Deere","3.0"
"00QjV000001Mo5wUAC","false","","Luce","Eugena","Ms","Eugena Luce","CEO","Pacific Retail Group","","","MA","","USA","MA","US","","","","(781) 270-6500","","","eluce@pacificretail.com","","/services/images/photo/00QjV000001Mo5wUAC","","Purchased List","Closed - Not Converted","","","","","005jV000000zICvQAM","false","","","","","true","2026-09-02T22:07:23.000Z","005jV000000zICvQAM","2026-09-02T22:07:23.000Z","005jV000000zICvQAM","2026-09-02T22:11:07.000Z","","","","","","Pending","","","","","","false","2768","GC5000 series","Yes","All","130.0"
"00QjV000001Mo5xUAC","false","","Eberhard","Sandra","Ms","Sandra Eberhard","VP, Production","Highland Manufacturing Ltd.","","","CA","","USA","CA","US","","","","(626) 440-0700","","","sandra_e@highland.net","","/services/images/photo/00QjV000001Mo5xUAC","","Purchased List","Working - Contacted","","","","","005jV000000zICvQAM","false","","","","","true","2026-09-02T22:07:23.000Z","005jV000000zICvQAM","2026-09-02T22:07:23.000Z","005jV000000zICvQAM","2026-09-02T22:11:07.000Z","","","","","","Pending","","","","","","false","2768","GC5000 series","Yes","All","130.0"
"00QjV000001Mo5yUAC","false","","Bair","Betty","Ms","Betty Bair","VP, Administration","American Banking Corp.","","","PA","","USA","PA","US","","","","(610) 265-9100","","","bblair@abankingco.com","","/services/images/photo/00QjV000001Mo5yUAC","","Purchased List","Working - Contacted","","","","","005jV000000zICvQAM","false","","","","","true","2026-09-02T22:07:23.000Z","005jV000000zICvQAM","2026-09-02T22:07:23.000Z","005jV000000zICvQAM","2026-09-02T22:11:07.000Z","","","","","","Pending","","","","","","false","2768","GC5000 series","Yes","All","130.0"
