"Id","OwnerId","IsDeleted","Name","CreatedDate","CreatedById","LastModifiedDate","LastModifiedById","SystemModstamp","LastActivityDate","LastViewedDate","LastReferencedDate","AI_Risk_Score__c","AI_Risk_Summary__c","Channel__c","Email__c","External_Reference__c","Legal_Name__c","Mobile__c","Nationality__c","Registration_Number__c","Source_System__c","Status__c","Submitted_At__c"
"a02jV000001O981QAC","005jV000001PwZ0QAK","false","ONB-00000","2026-09-08T12:10:49.000Z","005jV000001PwZ0QAK","2026-09-08T12:10:49.000Z","005jV000001PwZ0QAK","2026-09-08T12:10:49.000Z","","2026-09-08T12:10:49.000Z","2026-09-08T12:10:49.000Z","","","Corporate","sample@example.com","","Sample Corporate LLC","+971500000000","AE","CN-1001","Console","Submitted","2026-09-08T12:10:49.000Z"
"a02jV000001O99dQAC","005jV000001PwZ0QAK","false","ONB-00001","2026-09-08T12:10:50.000Z","005jV000001PwZ0QAK","2026-09-08T12:10:50.000Z","005jV000001PwZ0QAK","2026-09-08T12:10:50.000Z","","2026-09-08T12:10:50.000Z","2026-09-08T12:10:50.000Z","","","Corporate","sample@example.com","","Sample Corporate LLC","+971500000000","AE","CN-1001","Console","Submitted","2026-09-08T12:10:50.000Z"
"a02jV000001O9BFQA0","005jV000001PwZ0QAK","false","ONB-00002","2026-09-08T12:10:54.000Z","005jV000001PwZ0QAK","2026-09-08T12:10:54.000Z","005jV000001PwZ0QAK","2026-09-08T12:10:54.000Z","","2026-09-08T12:32:32.000Z","2026-09-08T12:32:32.000Z","","","Retail","sample@example.com","","Sample Retail Customer","+971500000000","AE","","Console","Submitted","2026-09-08T12:10:54.000Z"
"a02jV000001U7bNQAS","005jV000001PwZ0QAK","false","ONB-00003","2026-09-10T06:23:01.000Z","005jV000001PwZ0QAK","2026-09-10T06:23:01.000Z","005jV000001PwZ0QAK","2026-09-10T06:23:01.000Z","","2026-09-10T06:23:01.000Z","2026-09-10T06:23:01.000Z","","","Retail","sample@example.com","","Sample Retail Customer","+971500000000","AE","","Console","Submitted","2026-09-10T06:23:01.000Z"
"a02jV000001UBQTQA4","005jV000001Q7q5QAC","false","ONB-00004","2026-09-10T06:50:54.000Z","005jV000001Q7q5QAC","2026-09-10T08:37:17.000Z","005jV000001Q7q5QAC","2026-09-10T08:37:17.000Z","","","","","","Retail","","","New Retail Applicant","","","","Application Entry","Abandoned",""
"a02jV000001UPbVQAW","005jV000001Q7q5QAC","false","ONB-00005","2026-09-10T08:37:17.000Z","005jV000001Q7q5QAC","2026-09-10T10:20:57.000Z","005jV000001Q7q5QAC","2026-09-10T10:20:57.000Z","","","","","","Retail","","","New Retail Applicant","","","","Application Entry","Abandoned",""
"a02jV000001UrntQAC","005jV000001Q7q5QAC","false","ONB-00006","2026-09-10T10:20:57.000Z","005jV000001Q7q5QAC","2026-09-10T10:45:39.000Z","005jV000001Q7q5QAC","2026-09-10T10:45:39.000Z","","","","30.0","Onboarding AI review (rules + OCR signals). Einstein GPT/Agentforce will replace this summary when those licenses are enabled in the org.

Channel: Retail
Applicant: New Retail Applicant
Missing email.
1 document(s) have OCR text available for review.","Retail","","","New Retail Applicant","","","","Application Entry","Draft",""
"a02jV000001hp3VQAQ","005jV000001OmHRQA0","false","ONB-00007","2026-09-15T06:58:18.000Z","005jV000001OmHRQA0","2026-09-15T06:58:18.000Z","005jV000001OmHRQA0","2026-09-15T06:58:18.000Z","","","","","","Retail","","","New Retail Applicant","","","","Application Entry","Draft",""
