"Id","IsDeleted","AccountId","IsPrivate","Name","Description","StageName","Amount","Probability","ExpectedRevenue","TotalOpportunityQuantity","CloseDate","Type","NextStep","LeadSource","IsClosed","IsWon","ForecastCategory","ForecastCategoryName","CampaignId","HasOpportunityLineItem","Pricebook2Id","OwnerId","CreatedDate","CreatedById","LastModifiedDate","LastModifiedById","SystemModstamp","LastActivityDate","PushCount","LastStageChangeDate","FiscalQuarter","FiscalYear","Fiscal","ContactId","LastViewedDate","LastReferencedDate","HasOpenActivity","HasOverdueTask","LastAmountChangedHistoryId","LastCloseDateChangedHistoryId","DeliveryInstallationStatus__c","TrackingNumber__c","OrderNumber__c","CurrentGenerators__c","MainCompetitors__c"
"006jV000000e2EPQAY","false","001jV0000050DP2QAM","false","Dickenson Mobile Generators","","Qualification","15000.0","10.0","1500.0","","2026-07-11","New Customer","","Purchased List","false","false","Pipeline","Pipeline","","false","","005jV000000zICvQAM","2026-09-02T22:07:23.000Z","005jV000000zICvQAM","2026-09-02T22:07:23.000Z","005jV000000zICvQAM","2026-09-02T22:07:23.000Z","","0","","1","2015","2015 1","","","","false","false","","","","","","","Honda"
"006jV000000e2EQQAY","false","001jV0000050DP4QAM","false","United Oil Office Portable Generators","","Negotiation/Review","125000.0","90.0","112500.0","","2026-06-29","Existing Customer - Upgrade","","","false","false","Pipeline","Pipeline","","false","","005jV000000zICvQAM","2026-09-02T22:07:23.000Z","005jV000000zICvQAM","2026-09-02T22:07:23.000Z","005jV000000zICvQAM","2026-09-02T22:07:23.000Z","","0","","1","2015","2015 1","","","","false","false","","","","","","Yamaha","Yamaha"
"006jV000000e2ERQAY","false","001jV0000050DP5QAM","false","Express Logistics Standby Generator","","Closed Won","220000.0","100.0","220000.0","","2026-05-25","New Customer","","Trade Show","true","true","Closed","Closed","","false","","005jV000000zICvQAM","2026-09-02T22:07:23.000Z","005jV000000zICvQAM","2026-09-02T22:07:23.000Z","005jV000000zICvQAM","2026-09-02T22:07:23.000Z","","0","","1","2015","2015 1","","","","false","false","","","","830150301420","653276","Hawkpower","Fujitsu"
"006jV000000e2ESQAY","false","001jV0000050DP9QAM","false","GenePoint Standby Generator","","Closed Won","85000.0","100.0","85000.0","","2026-07-02","New Customer","","Partner","true","true","Closed","Closed","","false","","005jV000000zICvQAM","2026-09-02T22:07:23.000Z","005jV000000zICvQAM","2026-09-02T22:07:23.000Z","005jV000000zICvQAM","2026-09-02T22:07:23.000Z","","0","","1","2015","2015 1","","","","false","false","","","Completed","830150301420","908676","Honda","Honda"
"006jV000000e2ETQAY","false","001jV0000050DP3QAM","false","Grand Hotels Kitchen Generator","","Id. Decision Makers","15000.0","60.0","9000.0","","2026-05-20","Existing Customer - Upgrade","","","false","false","Pipeline","Pipeline","","false","","005jV000000zICvQAM","2026-09-02T22:07:23.000Z","005jV000000zICvQAM","2026-09-02T22:07:23.000Z","005jV000000zICvQAM","2026-09-02T22:07:23.000Z","","0","","1","2015","2015 1","","","","false","false","","","Yet to begin","","","John Deere","Fujitsu, Hawkpower"
"006jV000000e2EUQAY","false","001jV0000050DP4QAM","false","United Oil Refinery Generators","","Proposal/Price Quote","270000.0","75.0","202500.0","","2026-08-13","Existing Customer - Upgrade","","","false","false","Pipeline","Pipeline","","false","","005jV000000zICvQAM","2026-09-02T22:07:23.000Z","005jV000000zICvQAM","2026-09-02T22:07:23.000Z","005jV000000zICvQAM","2026-09-02T22:07:23.000Z","","0","","2","2015","2015 2","","","","false","false","","","Yet to begin","","","Caterpillar","John Deere"
"006jV000000e2EVQAY","false","001jV0000050DP4QAM","false","United Oil SLA","","Closed Won","120000.0","100.0","120000.0","","2026-08-20","Existing Customer - Upgrade","","Partner","true","true","Closed","Closed","","false","","005jV000000zICvQAM","2026-09-02T22:07:23.000Z","005jV000000zICvQAM","2026-09-02T22:07:23.000Z","005jV000000zICvQAM","2026-09-02T22:07:23.000Z","","0","","2","2015","2015 2","","","","false","false","","","In progress","","926363","",""
"006jV000000e2EWQAY","false","001jV0000050DP3QAM","false","Grand Hotels Guest Portable Generators","","Value Proposition","250000.0","50.0","125000.0","","2026-08-28","Existing Customer - Upgrade","","Employee Referral","false","false","Pipeline","Pipeline","","false","","005jV000000zICvQAM","2026-09-02T22:07:23.000Z","005jV000000zICvQAM","2026-09-02T22:07:23.000Z","005jV000000zICvQAM","2026-09-02T22:07:23.000Z","","0","","2","2015","2015 2","","","","false","false","","","Yet to begin","","","Honda","Honda"
"006jV000000e2EXQAY","false","001jV0000050DOzQAM","false","Edge Emergency Generator","","Closed Won","75000.0","100.0","75000.0","","2026-08-28","New Customer","","Word of mouth","true","true","Closed","Closed","","false","","005jV000000zICvQAM","2026-09-02T22:07:23.000Z","005jV000000zICvQAM","2026-09-02T22:07:23.000Z","005jV000000zICvQAM","2026-09-02T22:07:23.000Z","","0","","2","2015","2015 2","","","","false","false","","","Completed","830150301420","731645","John Deere","John Deere"
"006jV000000e2EYQAY","false","001jV0000050DP6QAM","false","University of AZ Portable Generators","","Closed Won","50000.0","100.0","50000.0","","2026-05-29","New Customer","","Public Relations","true","true","Closed","Closed","","false","","005jV000000zICvQAM","2026-09-02T22:07:23.000Z","005jV000000zICvQAM","2026-09-02T22:07:23.000Z","005jV000000zICvQAM","2026-09-02T22:07:23.000Z","","0","","1","2015","2015 1","","","","false","false","","","Completed","830150301360","768934","Mitsubishi","Honda, Mitsubishi"
"006jV000000e2EZQAY","false","001jV0000050DP1QAM","false","Pyramid Emergency Generators","","Prospecting","100000.0","10.0","10000.0","","2026-07-07","","","Phone Inquiry","false","false","Pipeline","Pipeline","","false","","005jV000000zICvQAM","2026-09-02T22:07:23.000Z","005jV000000zICvQAM","2026-09-02T22:07:23.000Z","005jV000000zICvQAM","2026-09-02T22:07:23.000Z","","0","","1","2015","2015 1","","","","false","false","","","","","","",""
"006jV000000e2EaQAI","false","001jV0000050DP5QAM","false","Express Logistics Portable Truck Generators","","Value Proposition","80000.0","50.0","40000.0","","2026-05-23","Existing Customer - Upgrade","","External Referral","false","false","Pipeline","Pipeline","","false","","005jV000000zICvQAM","2026-09-02T22:07:23.000Z","005jV000000zICvQAM","2026-09-02T22:07:23.000Z","005jV000000zICvQAM","2026-09-02T22:07:23.000Z","","0","","1","2015","2015 1","","","","false","false","","","Yet to begin","","","Fujitsu","Honda"
"006jV000000e2EbQAI","false","001jV0000050DP9QAM","false","GenePoint Lab Generators","","Id. Decision Makers","60000.0","60.0","36000.0","","2026-08-22","","","","false","false","Pipeline","Pipeline","","false","","005jV000000zICvQAM","2026-09-02T22:07:23.000Z","005jV000000zICvQAM","2026-09-02T22:07:23.000Z","005jV000000zICvQAM","2026-09-02T22:07:23.000Z","","0","","2","2015","2015 2","","","","false","false","","","Yet to begin","","","Hawkpower, Fujitsu","Hawkpower"
"006jV000000e2EcQAI","false","001jV0000050DP9QAM","false","GenePoint SLA","","Closed Won","30000.0","100.0","30000.0","","2026-08-25","Existing Customer - Upgrade","","Partner","true","true","Closed","Closed","","false","","005jV000000zICvQAM","2026-09-02T22:07:23.000Z","005jV000000zICvQAM","2026-09-02T22:07:23.000Z","005jV000000zICvQAM","2026-09-02T22:07:23.000Z","","0","","2","2015","2015 2","","","","false","false","","","In progress","","546512","",""
"006jV000000e2EdQAI","false","001jV0000050DP4QAM","false","United Oil Installations","","Negotiation/Review","270000.0","90.0","243000.0","","2026-06-25","Existing Customer - Upgrade","","","false","false","Pipeline","Pipeline","","false","","005jV000000zICvQAM","2026-09-02T22:07:23.000Z","005jV000000zICvQAM","2026-09-02T22:07:23.000Z","005jV000000zICvQAM","2026-09-02T22:07:23.000Z","","0","","1","2015","2015 1","","","","false","false","","","Yet to begin","","","",""
"006jV000000e2EeQAI","false","001jV0000050DOzQAM","false","Edge Installation","","Closed Won","50000.0","100.0","50000.0","","2026-06-19","Existing Customer - Upgrade","","Word of mouth","true","true","Closed","Closed","","false","","005jV000000zICvQAM","2026-09-02T22:07:23.000Z","005jV000000zICvQAM","2026-09-02T22:07:23.000Z","005jV000000zICvQAM","2026-09-02T22:07:23.000Z","","0","","1","2015","2015 1","","","","false","false","","","Completed","","835178","",""
"006jV000000e2EfQAI","false","001jV0000050DOzQAM","false","Edge SLA","","Closed Won","60000.0","100.0","60000.0","","2026-05-15","Existing Customer - Upgrade","","Word of mouth","true","true","Closed","Closed","","false","","005jV000000zICvQAM","2026-09-02T22:07:23.000Z","005jV000000zICvQAM","2026-09-02T22:07:23.000Z","005jV000000zICvQAM","2026-09-02T22:07:23.000Z","","0","","1","2015","2015 1","","","","false","false","","","","","847564","",""
"006jV000000e2EgQAI","false","001jV0000050DP3QAM","false","Grand Hotels Generator Installations","","Closed Won","350000.0","100.0","350000.0","","2026-08-11","Existing Customer - Upgrade","","External Referral","true","true","Closed","Closed","","false","","005jV000000zICvQAM","2026-09-02T22:07:23.000Z","005jV000000zICvQAM","2026-09-02T22:07:23.000Z","005jV000000zICvQAM","2026-09-02T22:07:23.000Z","","0","","2","2015","2015 2","","","","false","false","","","Completed","","763546","",""
"006jV000000e2EhQAI","false","001jV0000050DP4QAM","false","United Oil Installations","","Closed Won","270000.0","100.0","270000.0","","2026-06-24","Existing Customer - Upgrade","","Partner","true","true","Closed","Closed","","false","","005jV000000zICvQAM","2026-09-02T22:07:23.000Z","005jV000000zICvQAM","2026-09-02T22:07:23.000Z","005jV000000zICvQAM","2026-09-02T22:07:23.000Z","","0","","1","2015","2015 1","","","","false","false","","","In progress","","427609","",""
"006jV000000e2EiQAI","false","001jV0000050DP4QAM","false","United Oil Refinery Generators","","Closed Won","915000.0","100.0","915000.0","","2026-08-06","New Customer","","Partner","true","true","Closed","Closed","","false","","005jV000000zICvQAM","2026-09-02T22:07:23.000Z","005jV000000zICvQAM","2026-09-02T22:07:23.000Z","005jV000000zICvQAM","2026-09-02T22:07:23.000Z","","0","","2","2015","2015 2","","","","false","false","","","Completed","830150301360","744343","John Deere","John Deere, Mitsubishi, Hawkpower"
"006jV000000e2EjQAI","false","001jV0000050DP0QAM","false","Burlington Textiles Weaving Plant Generator","","Closed Won","235000.0","100.0","235000.0","","2026-07-04","New Customer","","Web","true","true","Closed","Closed","","false","","005jV000000zICvQAM","2026-09-02T22:07:23.000Z","005jV000000zICvQAM","2026-09-02T22:07:23.000Z","005jV000000zICvQAM","2026-09-02T22:07:23.000Z","","0","","1","2015","2015 1","","","","false","false","","","Yet to begin","830150301360","645612","John Deere","John Deere"
"006jV000000e2EkQAI","false","001jV0000050DP6QAM","false","University of AZ Installations","","Proposal/Price Quote","100000.0","75.0","75000.0","","2026-05-26","Existing Customer - Upgrade","","Employee Referral","false","false","Pipeline","Pipeline","","false","","005jV000000zICvQAM","2026-09-02T22:07:23.000Z","005jV000000zICvQAM","2026-09-02T22:07:23.000Z","005jV000000zICvQAM","2026-09-02T22:07:23.000Z","","0","","1","2015","2015 1","","","","false","false","","","Yet to begin","","","",""
"006jV000000e2ElQAI","false","001jV0000050DP5QAM","false","Express Logistics SLA","","Perception Analysis","120000.0","70.0","84000.0","","2026-05-24","Existing Customer - Upgrade","","External Referral","false","false","Pipeline","Pipeline","","false","","005jV000000zICvQAM","2026-09-02T22:07:23.000Z","005jV000000zICvQAM","2026-09-02T22:07:23.000Z","005jV000000zICvQAM","2026-09-02T22:07:23.000Z","","0","","1","2015","2015 1","","","","false","false","","","In progress","","","",""
"006jV000000e2EmQAI","false","001jV0000050DP6QAM","false","University of AZ SLA","","Closed Won","90000.0","100.0","90000.0","","2026-06-02","Existing Customer - Upgrade","","Public Relations","true","true","Closed","Closed","","false","","005jV000000zICvQAM","2026-09-02T22:07:23.000Z","005jV000000zICvQAM","2026-09-02T22:07:23.000Z","005jV000000zICvQAM","2026-09-02T22:07:23.000Z","","0","","1","2015","2015 1","","","","false","false","","","In progress","","654985","",""
"006jV000000e2EnQAI","false","001jV0000050DP4QAM","false","United Oil Installations","","Closed Won","235000.0","100.0","235000.0","","2026-07-06","Existing Customer - Upgrade","","External Referral","true","true","Closed","Closed","","false","","005jV000000zICvQAM","2026-09-02T22:07:23.000Z","005jV000000zICvQAM","2026-09-02T22:07:23.000Z","005jV000000zICvQAM","2026-09-02T22:07:23.000Z","","0","","1","2015","2015 1","","","","false","false","","","In progress","","554821","",""
"006jV000000e2EoQAI","false","001jV0000050DP4QAM","false","United Oil Emergency Generators","","Closed Won","440000.0","100.0","440000.0","","2026-06-18","Existing Customer - Upgrade","","External Referral","true","true","Closed","Closed","","false","","005jV000000zICvQAM","2026-09-02T22:07:23.000Z","005jV000000zICvQAM","2026-09-02T22:07:23.000Z","005jV000000zICvQAM","2026-09-02T22:07:23.000Z","","0","","1","2015","2015 1","","","","false","false","","","Completed","830150301420","847324","Fujitsu","Honda, Mitsubishi"
"006jV000000e2EpQAI","false","001jV0000050DP3QAM","false","Grand Hotels SLA","","Closed Won","90000.0","100.0","90000.0","","2026-05-22","Existing Customer - Upgrade","","External Referral","true","true","Closed","Closed","","false","","005jV000000zICvQAM","2026-09-02T22:07:23.000Z","005jV000000zICvQAM","2026-09-02T22:07:23.000Z","005jV000000zICvQAM","2026-09-02T22:07:23.000Z","","0","","1","2015","2015 1","","","","false","false","","","In progress","","254676","",""
"006jV000000e2EqQAI","false","001jV0000050DP4QAM","false","United Oil Standby Generators","","Closed Won","120000.0","100.0","120000.0","","2026-08-21","Existing Customer - Upgrade","","External Referral","true","true","Closed","Closed","","false","","005jV000000zICvQAM","2026-09-02T22:07:23.000Z","005jV000000zICvQAM","2026-09-02T22:07:23.000Z","005jV000000zICvQAM","2026-09-02T22:07:23.000Z","","0","","2","2015","2015 2","","","","false","false","","","","830150301360","525476","John Deere","John Deere, Mitsubishi, Hawkpower"
"006jV000000e2ErQAI","false","001jV0000050DP3QAM","false","Grand Hotels Emergency Generators","","Closed Won","210000.0","100.0","210000.0","","2026-08-09","New Customer","","External Referral","true","true","Closed","Closed","","false","","005jV000000zICvQAM","2026-09-02T22:07:23.000Z","005jV000000zICvQAM","2026-09-02T22:07:23.000Z","005jV000000zICvQAM","2026-09-02T22:07:23.000Z","","0","","2","2015","2015 2","","","","false","false","","","Completed","830150301360","387624","Fujitsu","Caterpillar"
"006jV000000e2EsQAI","false","001jV0000050DP4QAM","false","United Oil Plant Standby Generators","","Needs Analysis","675000.0","20.0","135000.0","","2026-07-23","Existing Customer - Upgrade","","","false","false","Pipeline","Pipeline","","false","","005jV000000zICvQAM","2026-09-02T22:07:23.000Z","005jV000000zICvQAM","2026-09-02T22:07:23.000Z","005jV000000zICvQAM","2026-09-02T22:07:23.000Z","","0","","1","2015","2015 1","","","","false","false","","","","","","Caterpillar","Caterpillar, Mitsubishi, Hawkpower"
"006jV000000e2EtQAI","false","001jV0000050DOzQAM","false","Edge Emergency Generator","","Id. Decision Makers","35000.0","60.0","21000.0","","2026-09-03","Existing Customer - Replacement","","","false","false","Pipeline","Pipeline","","false","","005jV000000zICvQAM","2026-09-02T22:07:23.000Z","005jV000000zICvQAM","2026-09-02T22:07:23.000Z","005jV000000zICvQAM","2026-09-02T22:07:23.000Z","","0","","2","2015","2015 2","","","","false","false","","","","","","","John Deere, Mitsubishi, Hawkpower"
