"Id","Name","ProductCode","Description","IsActive","CreatedDate","CreatedById","LastModifiedDate","LastModifiedById","SystemModstamp","Family","ExternalDataSourceId","ExternalId","DisplayUrl","QuantityUnitOfMeasure","IsDeleted","IsArchived","LastViewedDate","LastReferencedDate","StockKeepingUnit","Type","ProductClass"
"01tjV000000WQVdQAO","GenWatt Diesel 1000kW","GC1060","","true","2026-09-02T22:07:23.000Z","005jV000000zICvQAM","2026-09-02T22:07:23.000Z","005jV000000zICvQAM","2026-09-02T22:07:23.000Z","","","","","","false","false","","","","","Simple"
"01tjV000000WQVeQAO","GenWatt Diesel 200kW","GC1040","","true","2026-09-02T22:07:23.000Z","005jV000000zICvQAM","2026-09-02T22:07:23.000Z","005jV000000zICvQAM","2026-09-02T22:07:23.000Z","","","","","","false","false","","","","","Simple"
"01tjV000000WQVfQAO","GenWatt Diesel 10kW","GC1020","","true","2026-09-02T22:07:23.000Z","005jV000000zICvQAM","2026-09-02T22:07:23.000Z","005jV000000zICvQAM","2026-09-02T22:07:23.000Z","","","","","","false","false","","","","","Simple"
"01tjV000000WQVgQAO","Installation: Industrial - High","IN7080","","true","2026-09-02T22:07:23.000Z","005jV000000zICvQAM","2026-09-02T22:07:23.000Z","005jV000000zICvQAM","2026-09-02T22:07:23.000Z","","","","","","false","false","","","","","Simple"
"01tjV000000WQVhQAO","SLA: Silver","SL9040","","true","2026-09-02T22:07:23.000Z","005jV000000zICvQAM","2026-09-02T22:07:23.000Z","005jV000000zICvQAM","2026-09-02T22:07:23.000Z","","","","","","false","false","","","","","Simple"
"01tjV000000WQViQAO","GenWatt Propane 500kW","GC3040","","true","2026-09-02T22:07:23.000Z","005jV000000zICvQAM","2026-09-02T22:07:23.000Z","005jV000000zICvQAM","2026-09-02T22:07:23.000Z","","","","","","false","false","","","","","Simple"
"01tjV000000WQVjQAO","SLA: Platinum","SL9080","","true","2026-09-02T22:07:23.000Z","005jV000000zICvQAM","2026-09-02T22:07:23.000Z","005jV000000zICvQAM","2026-09-02T22:07:23.000Z","","","","","","false","false","","","","","Simple"
"01tjV000000WQVkQAO","GenWatt Propane 100kW","GC3020","","true","2026-09-02T22:07:23.000Z","005jV000000zICvQAM","2026-09-02T22:07:23.000Z","005jV000000zICvQAM","2026-09-02T22:07:23.000Z","","","","","","false","false","","","","","Simple"
"01tjV000000WQVlQAO","GenWatt Propane 1500kW","GC3060","","true","2026-09-02T22:07:23.000Z","005jV000000zICvQAM","2026-09-02T22:07:23.000Z","005jV000000zICvQAM","2026-09-02T22:07:23.000Z","","","","","","false","false","","","","","Simple"
"01tjV000000WQVmQAO","SLA: Bronze","SL9020","","true","2026-09-02T22:07:23.000Z","005jV000000zICvQAM","2026-09-02T22:07:23.000Z","005jV000000zICvQAM","2026-09-02T22:07:23.000Z","","","","","","false","false","","","","","Simple"
"01tjV000000WQVnQAO","GenWatt Gasoline 750kW","GC5040","","true","2026-09-02T22:07:23.000Z","005jV000000zICvQAM","2026-09-02T22:07:23.000Z","005jV000000zICvQAM","2026-09-02T22:07:23.000Z","","","","","","false","false","","","","","Simple"
"01tjV000000WQVoQAO","Installation: Portable","IN7020","","true","2026-09-02T22:07:23.000Z","005jV000000zICvQAM","2026-09-02T22:07:23.000Z","005jV000000zICvQAM","2026-09-02T22:07:23.000Z","","","","","","false","false","","","","","Simple"
"01tjV000000WQVpQAO","SLA: Gold","SL9060","","true","2026-09-02T22:07:23.000Z","005jV000000zICvQAM","2026-09-02T22:07:23.000Z","005jV000000zICvQAM","2026-09-02T22:07:23.000Z","","","","","","false","false","","","","","Simple"
"01tjV000000WQVqQAO","GenWatt Gasoline 300kW","GC5020","","true","2026-09-02T22:07:23.000Z","005jV000000zICvQAM","2026-09-02T22:07:23.000Z","005jV000000zICvQAM","2026-09-02T22:07:23.000Z","","","","","","false","false","","","","","Simple"
"01tjV000000WQVrQAO","Installation: Industrial - Low","IN7040","","true","2026-09-02T22:07:23.000Z","005jV000000zICvQAM","2026-09-02T22:07:23.000Z","005jV000000zICvQAM","2026-09-02T22:07:23.000Z","","","","","","false","false","","","","","Simple"
"01tjV000000WQVsQAO","GenWatt Gasoline 2000kW","GC5060","","true","2026-09-02T22:07:23.000Z","005jV000000zICvQAM","2026-09-02T22:07:23.000Z","005jV000000zICvQAM","2026-09-02T22:07:23.000Z","","","","","","false","false","","","","","Simple"
"01tjV000000WQVtQAO","Installation: Industrial - Medium","IN7060","","true","2026-09-02T22:07:23.000Z","005jV000000zICvQAM","2026-09-02T22:07:23.000Z","005jV000000zICvQAM","2026-09-02T22:07:23.000Z","","","","","","false","false","","","","","Simple"
