"Id","Username","Name","FirstName","LastName","Email","IsActive","ProfileId","UserType","Title","Phone","CreatedDate","LastLoginDate"
"005jV000000yp9KQAQ","integration@00djv000002guncuao.com","Integration User","Integration","User","noreply@example.com","true","00ejV000000lPRCQA2","Standard","","","2026-09-02T22:07:23.000Z",""
"005jV000000yp9LQAQ","autoproc@00djv000002guncuao","Automated Process","Automated","Process","noreply@00djv000002guncuao","true","00ejV000000lPRDQA2","AutomatedProcess","","","2026-09-02T22:07:23.000Z",""
"005jV000000yp9NQAQ","cloud@00djv000002guncuao","Platform Integration User","","Platform Integration User","noreply@00djv000002guncuao","true","00ejV000000lPRFQA2","CloudIntegrationUser","","","2026-09-02T22:07:23.000Z",""
"005jV000000yp9OQAQ","automatedclean@00djv000002guncuao","Data.com Clean","","Data.com Clean","noreply@00djv000002guncuao","true","00ejV000000lPRDQA2","AutomatedProcess","","","2026-09-02T22:07:23.000Z",""
"005jV000000yp9PQAQ","chatty.00djv000002guncuao.uyxitvf1hrhn@chatter.salesforce.com","Chatter Expert","","Chatter Expert","noreply@example.com","true","00ejV000000lPRGQA2","CsnOnly","","","2026-09-02T22:07:23.000Z",""
"005jV000000yp9QQAQ","insightssecurity@00djv000002guncuao.com","Security User","Security","User","noreply@example.com","true","00ejV000000lPRHQA2","Standard","","","2026-09-02T22:07:23.000Z",""
"005jV000000zICvQAM","epic.8101f774fdb8@orgfarm.salesforce.com","OrgFarm EPIC","OrgFarm","EPIC","epic.orgfarm@salesforce.com","true","00ejV000000lPRBQA2","Standard","","","2026-09-02T22:07:23.000Z","2026-09-11T05:04:26.000Z"
"005jV000001OmHRQA0","subanu.kt.104c65e2e402@agentforce.com","SUBANU GOMATHI","SUBANU","GOMATHI","subanu.kt@levarus.com","true","00ejV000000lPRBQA2","Standard","","","2026-09-08T04:57:16.000Z","2026-09-15T17:27:36.000Z"
"005jV000001On8fQAC","internetbanking@00djv000002guncuao.org.force.com","internetbanking Site Guest User","internetbanking","Site Guest User","internetbanking@00djv000002guncuao.org.force.com","true","00ejV0000013WqoQAE","Guest","","","2026-09-08T05:06:46.000Z",""
"005jV000001OnNBQA0","internetbanking_new@00djv000002guncuao.org.force.com","internetbanking-new Site Guest User","internetbanking-new","Site Guest User","internetbanking_new@00djv000002guncuao.org.force.com","true","00ejV0000013X8XQAU","Guest","","","2026-09-08T05:08:58.000Z",""
"005jV000001PwZ0QAK","seethalakshmi@levarus.com","seetha lakshmi","seetha","lakshmi","seetha.v@levarus.com","true","00ejV000000lPRBQA2","Standard","","","2026-09-08T11:58:26.000Z","2026-09-16T06:19:14.000Z"
"005jV000001Q00bQAC","internetbanking_v2@00djv000002guncuao.org.force.com","internetbanking-v2 Site Guest User","internetbanking-v2","Site Guest User","internetbanking_v2@00djv000002guncuao.org.force.com","true","00ejV0000014OG5QAM","Guest","","","2026-09-08T12:18:16.000Z",""
"005jV000001Q7q5QAC","john.smith.ibportal@levarus.com","John Smith","John","Smith","subanu.kt@levarus.com","true","00ejV000000lPRUQA2","PowerCustomerSuccess","","","2026-09-08T12:42:17.000Z","2026-09-16T05:02:26.000Z"
"005jV000001Q9S5QAK","customer_onboarding@00djv000002guncuao.org.force.com","Customer Onboarding Site Guest User","Customer Onboarding","Site Guest User","customer_onboarding@00djv000002guncuao.org.force.com","true","00ejV0000014UbdQAE","Guest","","","2026-09-08T13:00:46.000Z",""
"005jV000001dxSfQAI","engageiq@00djv000002guncuao.org.force.com","EngageIQ Site Guest User","EngageIQ","Site Guest User","engageiq@00djv000002guncuao.org.force.com","true","00ejV000001ELnBQAW","Guest","","","2026-09-11T09:35:47.000Z",""
